id	first_name	last_name	address	zip_code	city	country_id	phone
-1	Hop	Terrell	3525 Suspendisse St.	23093	Creil	4474197	+49 15145075543
-2	Shafira	Little	275-2104 Velit St.	13146	Gelbressee	4474197	+49 15139926052
-3	Harlan	Oliver	7382 Faucibus. Avenue	45504	Berloz	4474197	+49 15290337147
-4	Plato	Hooper	5597 Nulla Avenue	940449	San Donato di Ninea	4474197	+49 15110930824
-5	Zeus	Irwin	Ap #806-646 Nisi Road	70806	Copiapó	4474197	+49 15283281134
-6	Trevor	Price	P.O. Box 810, 1927 Sollicitudin Rd.	45349	Monte Santa Maria Tiberina	4474197	+49 15876838860
-7	Kennan	Hendricks	3834 Lobortis, Ave	94950	Trujillo	4474197	+49 16329083174
-8	Ainsley	Flores	793-2195 A, Avenue	70796-53476	Olympia	4474197	+49 17110313191
-9	Sacha	Goff	230-8797 Risus. St.	3562	Burns Lake	4474197	+49 17301249622
-10	Skyler	Rivera	178-1728 Integer Road	53695	Adria	4474197	+49 1747078631
-11	Dante	Mcbride	Ap #367-6450 Laoreet Avenue	45194-608	Coreglia Antelminelli	4474197	+49 15658822719
-12	Tad	Gamble	P.O. Box 457, 4558 Et, Rd.	466756	Poederlee	4474197	+49 1605373278
-13	Kermit	Salazar	P.O. Box 821, 8139 Lacinia. Av.	64417-147	Rocourt	4474197	+49 1638023264
-14	Quincy	Hudson	311-9715 In Road	70487	Leerbeek	4474197	+49 1720960681
-15	Indira	Sanchez	1813 Donec St.	22406	Avennes	4474197	+49 15151038823
-16	Lyle	Fitzgerald	P.O. Box 190, 1899 Tincidunt St.	95240	Mesoraca	4608577	+33 622630073
-17	Dean	Charles	P.O. Box 734, 5144 Porttitor Road	9949	St. Austell	4608577	+33 765308644
-18	Ryan	Mclean	839-1759 Magna. Avenue	Z8798	Baie-Comeau	4608577	+33 698846343
-19	Chaney	Petty	585-9752 Dolor, Rd.	315780	Puerto Vallarta	4608577	+33 637075020
-20	Chastity	Steele	178 Adipiscing Av.	97715	Coleville Lake	4608577	+33 700843319
-21	Caleb	Carson	P.O. Box 870, 1042 Ante. Road	9511 VT	Trubchevsk	4608577	+33 643274382
-22	Keely	Reyes	P.O. Box 991, 4537 Eu Av.	416120	Sylvan Lake	4608577	+33 631184653
-23	Gage	Bridges	P.O. Box 926, 6554 Mollis Ave	18959	Gladstone	4608577	+33 774042970
-24	Mason	Campbell	8577 Molestie Road	2557	San Rafael	4608577	+33 608211198
-25	Ray	Baker	978-8453 Orci. St.	Z7186	Appleby	4608577	+33 695926861
-26	Rahim	Avery	342-2127 Nec Road	68038	Solok	4608577	+33 695726581
-27	Marcia	Cleveland	9498 Lobortis St.	S6V 3X8	Bankura	4608577	+33 700724754
-28	Erica	Doyle	6617 Dolor St.	78273	Tocopilla	4608577	+33 700197768
-29	Medge	Maxwell	5520 Netus St.	24458	Mianwali	4608577	+33 699590712
-30	Ira	Turner	3261 Class Ave	9068	Gurgaon	4608577	+33 787520530
-31	Daryl	Guthrie	972-9048 Morbi Rd.	8993 QT	Pelotas	4409422	+86 15355880262
-32	Rebekah	Pace	179 Enim, St.	Z6767	Chimbarongo	4409422	+86 17405414188
-33	Destiny	Bright	207-8599 Ornare Road	19466	Sluizen	4409422	+86 14515576002
-34	Rachel	Sweeney	Ap #698-9870 Sed Av.	95595	Fogo	4409422	+86 17405661248
-35	Caleb	Brooks	7438 Arcu. Road	49134	Perchtoldsdorf	4409422	+86 17401441206
-36	Adrian	Bowen	P.O. Box 910, 438 Arcu Rd.	4872	Nizamabad	4409422	+86 17405498952
-37	Tanisha	Valdez	3013 Fringilla, St.	68754	Flensburg	4409422	+86 14759447160
-38	Elvis	Gamble	P.O. Box 692, 8601 Magna Road	1079	Lanark	4409422	+86 14512499357
-39	Eagan	Pollard	P.O. Box 782, 7282 Vel Avenue	632478	Roio del Sangro	4409422	+86 15298669307
-40	Kalia	Stuart	8547 Velit. Street	31229	Sullana	4409422	+86 16598986863
-41	Amir	Perry	6252 Dictum. St.	2511	Benalla	4409422	+86 17401232510
-42	Kyra	Waller	8375 Pulvinar Avenue	31484-240	Kharagpur	4409422	+86 17400662948
-43	Henry	Oconnor	450-2939 Quis Road	849232	Cottbus	4409422	+86 17405571836
-44	Deacon	Lyons	Ap #658-147 Sociosqu St.	9752	Wattrelos	4409422	+86 17400271367
-45	Nyssa	Woods	5060 Pede. Ave	392979	Arzano	4409422	+86 17404988638
-46	Alexandra	Carr	306-2889 Suspendisse Road	A6N 6N1	Hillsboro	5591873	+1 6176112816
-47	Burke	Mccall	106 Venenatis Rd.	464037	Namur	5591873	+1 2169851533
-48	Alexa	Wright	6635 Lacinia Road	699265	Baisy-Thy	5591873	+1 4175031800
-49	Carly	Finch	160-2866 Ut Rd.	406518	Rycroft	5591873	+1 2144330183
-50	Helen	Barlow	5322 Dapibus St.	23550	Montoggio	5591873	+1 3263608237
-51	Colton	Sweeney	P.O. Box 838, 4070 Molestie Avenue	602281	Varena	5591873	+1 2392665257
-52	Wayne	Macdonald	8533 Morbi Road	94-742	Ophoven	5591873	+1 4019097769
-53	Quynn	Tyson	P.O. Box 296, 7603 Sed Street	3494	Shepparton	5591873	+1 4149464613
-54	Medge	Mcgowan	3062 In Rd.	5633	Worksop	5591873	+1 3419279497
-55	Kyle	Ashley	Ap #145-7604 Non St.	3416	Piracicaba	5591873	+1 3105733802
-56	Prescott	Jarvis	Ap #525-3689 Nam St.	296250	Cobourg	5591873	+1 2147047177
-57	Alan	Barr	1437 Purus. Av.	35-658	Termoli	5591873	+1 4353990347
-58	Kiara	Carney	P.O. Box 578, 5238 Nunc Rd.	414146	San Cesario di Lecce	5591873	+1 2142017182
-59	Joan	Townsend	491 Aliquam Rd.	2085	Warszawa	5591873	+1 6173329732
-60	Breanna	Hopper	Ap #960-4370 A Ave	Z0110	Jeonju	5591873	+1 4194523269
-61	Jael	Potter	932-576 Dis Av.	24685	Halberstadt	4670034	+44 7457592521
-62	James	Christian	2031 Pellentesque St.	846315	Neath	4670034	+44 7932176239
-63	Kirk	Roman	153-6516 Laoreet, Road	98906	Brussel	4670034	+44 7500427335
-64	Victor	Gilbert	Ap #542-9421 Aliquam Avenue	4394	San Lorenzo Nuovo	4670034	+44 7270754947
-65	Brielle	Roberson	9717 Cursus, Rd.	346330	Dolceacqua	4670034	+44 7414493064
-66	Richard	Skinner	P.O. Box 643, 8750 Elit. Rd.	55553	Beert	4670034	+44 7288692102
-67	Solomon	Ferrell	P.O. Box 755, 8518 Consectetuer St.	85159	Banff	4670034	+44 7732082976
-68	Grady	Short	Ap #840-8628 Id, Road	128998	Igboho	4670034	+44 7700007388
-69	Cora	Rivas	1939 Id Avenue	68-447	Deschambault	4670034	+44 7911051160
-70	Pandora	Slater	908-3076 Morbi St.	454898	Montereale	4670034	+44 7911239944
-71	Petra	Chandler	Ap #381-913 Auctor Rd.	J5G 6R9	Merrickville-Wolford	4670034	+44 7153041716
-72	Dieter	Whitfield	462-4994 Ac Av.	71819	Cork	4670034	+44 7419194225
-73	Shelby	Solis	6713 Condimentum. St.	Z2538	Paternopoli	4670034	+44 7311838854
-74	Roanna	Trevino	5412 Ac, Road	87761-370	Forbach	4670034	+44 7911852968
-75	Knox	Sosa	P.O. Box 504, 7345 Imperdiet Road	5168	West Valley City	4670034	+44 7700077888
-76	Alexis	Richard	P.O. Box 797, 4353 Ac Avenue	6587 YM	Palayankottai	4804164	+91 6177424734
-77	Rudyard	Brady	359-6539 Pede, Rd.	934416	Cumbernauld	4804164	+91 6127900198
-78	Cruz	Strong	7759 Gravida St.	931669	Cowdenbeath	4804164	+91 6311469449
-79	Jessamine	Oneill	564-5217 Molestie St.	11876	Marzabotto	4804164	+91 9239274587
-80	Paki	Phillips	112-6056 Placerat St.	10813	StrŽe	4804164	+91 6191071290
-81	Oliver	Doyle	P.O. Box 132, 945 Ullamcorper Ave	67700	Dorval	4804164	+91 8764749918
-82	Tiger	Sutton	3079 Metus Street	70601	Pretoro	4804164	+91 6127968055
-83	Finn	Brooks	260 Ligula Rd.	925971	Monte Patria	4804164	+91 6127961519
-84	Abraham	Barlow	Ap #310-3642 Lacinia Rd.	701531	Bevilacqua	4804164	+91 7979009898
-85	Austin	Tillman	Ap #432-5391 Elit Ave	X2 2CU	Edam	4804164	+91 6127901591
-86	James	Burks	6946 Mauris St.	73-005	Ulhasnagar	4804164	+91 7447774623
-87	Lewis	Horn	8745 Facilisis Rd.	14102	Rotorua	4804164	+91 8078214027
-88	Ulric	Cleveland	Ap #800-5331 Dui. Road	Z8328	Grobbendonk	4804164	+91 8849770598
-89	Lionel	Benson	9231 Urna Ave	122982	Richmond Hill	4804164	+91 8917579415
-90	Melissa	Ellison	Ap #105-5933 Arcu Av.	1655 VT	Pugwash	4804164	+91 7979825622
-91	Carolyn	Anthony	1684 Dui Rd.	81328	West Vancouver	4281683	+61 483879318
-92	Hilary	Green	P.O. Box 635, 1603 Lorem, Rd.	3633	Merdorp	4281683	+61 493451838
-93	Cullen	Hardin	P.O. Box 511, 9797 Cras Av.	3554	Sauvenière	4281683	+61 402471718
-94	Bo	Owens	Ap #534-3111 Mi, St.	74777-308	Sepino	4281683	+61 444598247
-95	Baxter	Cooley	396-8637 Penatibus Avenue	A4 8AJ	Bandar Lampung	4281683	+61 483887262
-96	Clark	Alexander	Ap #670-1351 Neque Rd.	04604-258	Blieskastel	4281683	+61 483073227
-97	Sydney	Moody	3392 Donec St.	30887-92019	Te Puke	4281683	+61 428188514
-98	Elaine	Lloyd	185-3710 Maecenas St.	11898	Sint-Michiels	4281683	+61 493342851
-99	Lamar	Coffey	4316 Non, Av.	21911	Yeongju	4281683	+61 440716226
-100	Quinn	Owens	9195 Ullamcorper, Rd.	23976	Kingston	4281683	+61 482622221
-101	Blair	Snow	3513 Urna. St.	75321	Castel Volturno	4281683	+61 466080825
-102	Hyatt	Clark	5552 Ipsum. Rd.	727508	Grand Island	4281683	+61 483182064
-103	Calista	Talley	764-4649 Proin Street	9521	El Tabo	4281683	+61 493362351
-104	Malachi	Chaney	137-7741 Pharetra. Rd.	6188	Port Moody	4281683	+61 444235748
-105	Bruno	Reynolds	2168 Quis, Rd.	FM9 0GI	Detroit	4281683	+61 493108089
-106	Cheyenne	Roberts	9546 Fringilla Ave	37183	Sesto al Reghena	4281684	+43 6754109
-107	Talon	Rush	9364 Mus. Avenue	10-620	Radicofani	4281684	+43 6615643174793
-108	Devin	Strickland	P.O. Box 658, 6138 Tincidunt St.	60412	Houston	4281684	+43 65717240015
-109	Remedios	Lambert	9173 A, Road	846449	Patna	4281684	+43 6645471407
-110	Richard	Bolton	Ap #413-9305 Eu Avenue	49-667	Tarsus	4281684	+43 65183452628
-111	Lucian	Haley	Ap #941-2506 Etiam Street	15869	Tavier	4281684	+43 6571042087
-112	Kaden	Howe	Ap #854-5563 Ipsum Street	9355	Faizabad	4281684	+43 66900278233
-113	Leah	Patterson	Ap #506-3253 Eget, Avenue	31158	Kailua	4281684	+43 664295554910
-114	Darius	Bates	5370 Felis Ave	3006 KC	Anlier	4281684	+43 672875611026
-115	Emerson	Slater	9433 Eget Street	690223	Neerglabbeek	4281684	+43 6931938
-116	Tasha	Rosa	Ap #701-3467 Rhoncus Av.	35968-454	Saint-Louis	4281684	+43 6523957596
-117	Clio	Martin	P.O. Box 716, 4755 Per Street	273921	Tavigny	4281684	+43 6597214
-118	Mikayla	Wilkinson	Ap #581-6731 Sem. St.	678199	Lo Barnechea	4281684	+43 6686709
-119	Irene	Barnett	4495 Pretium Rd.	37350	Oudenaken	4281684	+43 6552744010290
-120	Wilma	Rojas	9766 A, Ave	UN9 0AR	Wekweti	4281684	+43 6835091
-121	Alan	Davenport	586-6633 Purus. Ave	66416	Wörgl	4409413	+41 751445281
-122	Hillary	Montoya	Ap #924-7119 Odio St.	1246	Riesa	4409413	+41 735131098
-123	Mara	Brooks	6662 Conubia Rd.	31257	Baltasound	4409413	+41 751573779
-124	Channing	Leblanc	7298 Luctus. St.	08701-49854	Herfelingen	4409413	+41 732289359
-125	Lance	Ramos	Ap #293-7620 Pellentesque Rd.	3362	Owensboro	4409413	+41 774514983
-126	Whilemina	Terrell	953-4975 Ipsum. Street	48773	Labuissire	4409413	+41 793226245
-127	Elaine	Vega	P.O. Box 900, 2233 Ligula Rd.	935958	Coevorden	4409413	+41 733818092
-128	Herman	Garza	466-9684 Vel St.	150675	Vicoli	4409413	+41 754016385
-129	Debra	Howell	616-6490 Tincidunt St.	917721	Mirpur	4409413	+41 780164643
-130	Connor	Ortega	P.O. Box 334, 8834 At Ave	6989	Crowsnest Pass	4409413	+41 732855561
-131	Larissa	Logan	967-6408 Et Street	77899-44758	Olmen	4409413	+41 790704271
-132	Naida	Mcmahon	P.O. Box 833, 886 Dapibus Rd.	71719	Puerto Carreño	4409413	+41 779013589
-133	Dacey	Dalton	850-8700 Sagittis Avenue	6571	Kotli	4409413	+41 739567539
-134	Venus	Solis	561-7439 Aliquet Avenue	6928	Baie-Saint-Paul	4409413	+41 779352864
-135	Timon	Haney	183-2020 Tortor, Street	21906	Toledo	4409413	+41 782479962
-136	Palmer	Burris	2463 Feugiat St.	7851	Messancy	4740430	+36 208696192
-137	Byron	Roman	402-9878 Semper Street	3565	Tokoroa	4740430	+36 508921111
-138	Melanie	Vega	966-7888 Sed Rd.	5358 FI	Albi	4740430	+36 202043466
-139	Hannah	Spence	P.O. Box 279, 8390 Non St.	518483	Tarsus	4740430	+36 202197691
-140	Shaeleigh	Puckett	P.O. Box 549, 2746 Tempus Av.	65544	Westkapelle	4740430	+36 700377281
-141	Gary	Figueroa	9569 Vel Rd.	00-690	Buckie	4740430	+36 203284063
-142	Rhiannon	Mcknight	7364 Scelerisque Avenue	707242	Blumenau	4740430	+36 308973538
-143	Derek	David	171-8315 Aliquam Av.	7408	Cholchol	4740430	+36 503483473
-144	Brody	Valenzuela	Ap #488-6098 In Street	67282	Ligny	4740430	+36 306145168
-145	Hayes	Howe	Ap #316-944 A, Street	96-408	Butte	4740430	+36 310246067
-146	Amethyst	Bridges	Ap #120-9745 Dignissim Avenue	7736	Jodoigne-Souveraine	4740430	+36 317618194
-147	Aubrey	Vinson	Ap #628-6651 Ligula Av.	468524	Lonzee	4740430	+36 313026578
-148	Castor	Holcomb	P.O. Box 589, 9505 Ut, Avenue	9372	Cuenca	4740430	+36 304111242
-149	Nasim	Jensen	1964 Metus Rd.	443982	Málaga	4740430	+36 306389899
-150	Conan	Snow	6987 Nibh Rd.	547383	Senftenberg	4740430	+36 203126651
-151	Blake	Hendricks	342-6458 Aliquam Rd.	3241	Cittanova	4343116	+32 480580605
-152	Kennan	Langley	P.O. Box 263, 3383 Sodales Road	60145-349	Dunfermline	4343116	+32 470144640
-153	Ivor	Fletcher	9711 Ante Rd.	25767	Ludhiana	4343116	+32 489758967
-154	Maite	Nolan	971-7940 Ac Road	9523	Joliet	4343116	+32 460786780
-155	Lewis	Conley	P.O. Box 589, 6526 Nulla Avenue	2009 RO	Friedrichsdorf	4343116	+32 468613975
-156	Carly	Slater	757-4092 Mi, Road	246973	Waitakere	4343116	+32 472866319
-157	Madaline	Fuentes	P.O. Box 848, 590 Fringilla Av.	Z2243	Moe	4343116	+32 451256517
-158	Rama	Cochran	P.O. Box 728, 6477 Suscipit Av.	22853	Odintsovo	4343116	+32 457394453
-159	Camille	Ryan	P.O. Box 122, 8145 Erat St.	V4S 5E9	Adoni	4343116	+32 474583841
-160	Hop	Ramirez	Ap #394-6155 Eu St.	92-200	Chiguayante	4343116	+32 488121277
-161	Ray	Kinney	5245 Nec, Street	71548-922	Xhoris	4343116	+32 451023061
-162	Sacha	Crosby	P.O. Box 649, 6876 Tempus Rd.	61105	Wittenberg	4343116	+32 481764079
-163	Burton	Vasquez	P.O. Box 894, 6804 Integer Rd.	51024	Rouyn-Noranda	4343116	+32 462550981
-164	Diana	Rosa	Ap #474-8742 Consequat Ave	4451	Pictou	4343116	+32 474932885
-165	Scarlet	Barron	486-764 Ornare, St.	U8P 6PO	Carluke	4343116	+32 479755498
-166	Isabella	Brown	6396 Lectus Rd.	60204	Maasmechelen	5131332	+31 642745417
-167	Oren	Ochoa	Ap #488-5857 Vel Av.	01-763	Bolzano/Bozen	5131332	+31 657418605
-168	Thaddeus	Walters	P.O. Box 379, 6704 Lorem Av.	1444	Florida	5131332	+31 686408275
-169	Hilda	Salas	Ap #827-8999 Consectetuer Street	7485	Mandurah	5131332	+31 657268527
-170	Demetria	Rodriguez	Ap #129-6056 Mauris St.	17795	Wernigerode	5131332	+31 637305985
-171	Lesley	Patterson	Ap #517-5795 Arcu. Ave	40231	Daegu	5131332	+31 657445870
-172	Alvin	Barron	Ap #508-9637 Vivamus Rd.	22796	Reutov	5131332	+31 615735103
-173	Oliver	Dickson	Ap #770-9255 Vitae Rd.	51513	Casalbuono	5131332	+31 628588881
-174	Candice	Boyd	724-7033 Donec St.	16601	Bras	5131332	+31 631844854
-175	Burke	Castillo	3727 Dapibus Av.	644728	Gwangyang	5131332	+31 640543242
-176	Ruby	Le	334-2826 Est, Rd.	57507	Westrem	5131332	+31 624175288
-177	Alfonso	Dillard	Ap #609-1422 Porttitor Road	90972	Montereale	5131332	+31 648323937
-178	Ashely	Sims	P.O. Box 548, 4140 Dapibus Road	36278	Vieuxville	5131332	+31 616010507
-179	Lucas	Murray	P.O. Box 428, 8359 Massa Ave	97190	Tasikmalaya	5131332	+31 620003986
-180	Garrison	Velez	6299 In St.	IZ27 6LJ	Dindigul	5131332	+31 621917455
-181	Neville	Chase	Ap #360-662 Orci Rd.	351283	Anderlecht	4407630	+1 2043549453
-182	Bree	Acosta	P.O. Box 822, 5568 Mauris. Avenue	18451	Charsadda	4407630	+1 4183573350
-183	Cassidy	Massey	286-6076 Non, Ave	7437	Pyeongtaek	4407630	+1 2897905043
-184	Luke	Heath	P.O. Box 939, 8049 Sem Rd.	45731	Liberchies	4407630	+1 5142944670
-185	Laura	York	5916 A, Av.	10391	Rio nell''Elba	4407630	+1 3673299231
-186	Nayda	Shields	358-4118 Phasellus Road	907221	Zvenigorod	4407630	+1 4037567207
-187	Eden	Patterson	132-7764 Eu St.	19857	Nagar	4407630	+1 2268209149
-188	Garrison	Barnett	P.O. Box 849, 1466 Mauris Ave	6507	Invercargill	4407630	+1 2362458146
-189	Yetta	Mcintosh	Ap #275-6031 Nisi Ave	73346	Dubna	4407630	+1 6139879418
-190	Denton	Mcgee	P.O. Box 460, 7360 Phasellus St.	74364	Damme	4407630	+1 2049501392
-191	Sigourney	Nixon	Ap #707-5993 Luctus Ave	562127	Couillet	4407630	+1 2505403049
-192	Desirae	Buckner	9559 Risus. Avenue	238783	Isnes	4407630	+1 9024127534
-193	Renee	Schmidt	P.O. Box 244, 8706 Non, St.	8712	Fossato di Vico	4407630	+1 5148152387
-194	Fallon	Garrison	P.O. Box 581, 8334 Quis, St.	488707	Meldert	4407630	+1 6472278303
-195	Seth	Torres	Ap #196-6625 Sollicitudin Ave	224345	Battagram	4407630	+1 4509850957
