id	name	iso2	iso3	emoji	emojiU
-1	Afghanistan	AF	AFG	ğŸ‡¦ğŸ‡«	U+1F1E6 U+1F1EB
-2	Aland Islands	AX	ALA	ğŸ‡¦ğŸ‡½	U+1F1E6 U+1F1FD
-3	Albania	AL	ALB	ğŸ‡¦ğŸ‡±	U+1F1E6 U+1F1F1
-4	Algeria	DZ	DZA	ğŸ‡©ğŸ‡¿	U+1F1E9 U+1F1FF
-5	American Samoa	AS	ASM	ğŸ‡¦ğŸ‡¸	U+1F1E6 U+1F1F8
-6	Andorra	AD	AND	ğŸ‡¦ğŸ‡©	U+1F1E6 U+1F1E9
-7	Angola	AO	AGO	ğŸ‡¦ğŸ‡´	U+1F1E6 U+1F1F4
-8	Anguilla	AI	AIA	ğŸ‡¦ğŸ‡®	U+1F1E6 U+1F1EE
-9	Antarctica	AQ	ATA	ğŸ‡¦ğŸ‡¶	U+1F1E6 U+1F1F6
-10	Antigua And Barbuda	AG	ATG	ğŸ‡¦ğŸ‡¬	U+1F1E6 U+1F1EC
-11	Argentina	AR	ARG	ğŸ‡¦ğŸ‡·	U+1F1E6 U+1F1F7
-12	Armenia	AM	ARM	ğŸ‡¦ğŸ‡²	U+1F1E6 U+1F1F2
-13	Aruba	AW	ABW	ğŸ‡¦ğŸ‡¼	U+1F1E6 U+1F1FC
-14	Australia	AU	AUS	ğŸ‡¦ğŸ‡º	U+1F1E6 U+1F1FA
-15	Austria	AT	AUT	ğŸ‡¦ğŸ‡¹	U+1F1E6 U+1F1F9
-16	Azerbaijan	AZ	AZE	ğŸ‡¦ğŸ‡¿	U+1F1E6 U+1F1FF
-17	Bahamas The	BS	BHS	ğŸ‡§ğŸ‡¸	U+1F1E7 U+1F1F8
-18	Bahrain	BH	BHR	ğŸ‡§ğŸ‡­	U+1F1E7 U+1F1ED
-19	Bangladesh	BD	BGD	ğŸ‡§ğŸ‡©	U+1F1E7 U+1F1E9
-20	Barbados	BB	BRB	ğŸ‡§ğŸ‡§	U+1F1E7 U+1F1E7
-21	Belarus	BY	BLR	ğŸ‡§ğŸ‡¾	U+1F1E7 U+1F1FE
-22	Belgium	BE	BEL	ğŸ‡§ğŸ‡ª	U+1F1E7 U+1F1EA
-23	Belize	BZ	BLZ	ğŸ‡§ğŸ‡¿	U+1F1E7 U+1F1FF
-24	Benin	BJ	BEN	ğŸ‡§ğŸ‡¯	U+1F1E7 U+1F1EF
-25	Bermuda	BM	BMU	ğŸ‡§ğŸ‡²	U+1F1E7 U+1F1F2
-26	Bhutan	BT	BTN	ğŸ‡§ğŸ‡¹	U+1F1E7 U+1F1F9
-27	Bolivia	BO	BOL	ğŸ‡§ğŸ‡´	U+1F1E7 U+1F1F4
-155	Bonaire, Sint Eustatius and Saba	BQ	BES	ğŸ‡§ğŸ‡¶	U+1F1E7 U+1F1F6
-28	Bosnia and Herzegovina	BA	BIH	ğŸ‡§ğŸ‡¦	U+1F1E7 U+1F1E6
-29	Botswana	BW	BWA	ğŸ‡§ğŸ‡¼	U+1F1E7 U+1F1FC
-30	Bouvet Island	BV	BVT	ğŸ‡§ğŸ‡»	U+1F1E7 U+1F1FB
-31	Brazil	BR	BRA	ğŸ‡§ğŸ‡·	U+1F1E7 U+1F1F7
-32	British Indian Ocean Territory	IO	IOT	ğŸ‡®ğŸ‡´	U+1F1EE U+1F1F4
-33	Brunei	BN	BRN	ğŸ‡§ğŸ‡³	U+1F1E7 U+1F1F3
-34	Bulgaria	BG	BGR	ğŸ‡§ğŸ‡¬	U+1F1E7 U+1F1EC
-35	Burkina Faso	BF	BFA	ğŸ‡§ğŸ‡«	U+1F1E7 U+1F1EB
-36	Burundi	BI	BDI	ğŸ‡§ğŸ‡®	U+1F1E7 U+1F1EE
-37	Cambodia	KH	KHM	ğŸ‡°ğŸ‡­	U+1F1F0 U+1F1ED
-38	Cameroon	CM	CMR	ğŸ‡¨ğŸ‡²	U+1F1E8 U+1F1F2
-39	Canada	CA	CAN	ğŸ‡¨ğŸ‡¦	U+1F1E8 U+1F1E6
-40	Cape Verde	CV	CPV	ğŸ‡¨ğŸ‡»	U+1F1E8 U+1F1FB
-41	Cayman Islands	KY	CYM	ğŸ‡°ğŸ‡¾	U+1F1F0 U+1F1FE
-42	Central African Republic	CF	CAF	ğŸ‡¨ğŸ‡«	U+1F1E8 U+1F1EB
-43	Chad	TD	TCD	ğŸ‡¹ğŸ‡©	U+1F1F9 U+1F1E9
-44	Chile	CL	CHL	ğŸ‡¨ğŸ‡±	U+1F1E8 U+1F1F1
-45	China	CN	CHN	ğŸ‡¨ğŸ‡³	U+1F1E8 U+1F1F3
-46	Christmas Island	CX	CXR	ğŸ‡¨ğŸ‡½	U+1F1E8 U+1F1FD
-47	Cocos (Keeling) Islands	CC	CCK	ğŸ‡¨ğŸ‡¨	U+1F1E8 U+1F1E8
-48	Colombia	CO	COL	ğŸ‡¨ğŸ‡´	U+1F1E8 U+1F1F4
-49	Comoros	KM	COM	ğŸ‡°ğŸ‡²	U+1F1F0 U+1F1F2
-50	Congo	CG	COG	ğŸ‡¨ğŸ‡¬	U+1F1E8 U+1F1EC
-51	Congo The Democratic Republic Of The	CD	COD	ğŸ‡¨ğŸ‡©	U+1F1E8 U+1F1E9
-52	Cook Islands	CK	COK	ğŸ‡¨ğŸ‡°	U+1F1E8 U+1F1F0
-53	Costa Rica	CR	CRI	ğŸ‡¨ğŸ‡·	U+1F1E8 U+1F1F7
-54	Cote D'Ivoire (Ivory Coast)	CI	CIV	ğŸ‡¨ğŸ‡®	U+1F1E8 U+1F1EE
-55	Croatia (Hrvatska)	HR	HRV	ğŸ‡­ğŸ‡·	U+1F1ED U+1F1F7
-56	Cuba	CU	CUB	ğŸ‡¨ğŸ‡º	U+1F1E8 U+1F1FA
-249	CuraÃ§ao	CW	CUW	ğŸ‡¨ğŸ‡¼	U+1F1E8 U+1F1FC
-57	Cyprus	CY	CYP	ğŸ‡¨ğŸ‡¾	U+1F1E8 U+1F1FE
-58	Czech Republic	CZ	CZE	ğŸ‡¨ğŸ‡¿	U+1F1E8 U+1F1FF
-59	Denmark	DK	DNK	ğŸ‡©ğŸ‡°	U+1F1E9 U+1F1F0
-60	Djibouti	DJ	DJI	ğŸ‡©ğŸ‡¯	U+1F1E9 U+1F1EF
-61	Dominica	DM	DMA	ğŸ‡©ğŸ‡²	U+1F1E9 U+1F1F2
-62	Dominican Republic	DO	DOM	ğŸ‡©ğŸ‡´	U+1F1E9 U+1F1F4
-63	East Timor	TL	TLS	ğŸ‡¹ğŸ‡±	U+1F1F9 U+1F1F1
-64	Ecuador	EC	ECU	ğŸ‡ªğŸ‡¨	U+1F1EA U+1F1E8
-65	Egypt	EG	EGY	ğŸ‡ªğŸ‡¬	U+1F1EA U+1F1EC
-66	El Salvador	SV	SLV	ğŸ‡¸ğŸ‡»	U+1F1F8 U+1F1FB
-67	Equatorial Guinea	GQ	GNQ	ğŸ‡¬ğŸ‡¶	U+1F1EC U+1F1F6
-68	Eritrea	ER	ERI	ğŸ‡ªğŸ‡·	U+1F1EA U+1F1F7
-69	Estonia	EE	EST	ğŸ‡ªğŸ‡ª	U+1F1EA U+1F1EA
-70	Ethiopia	ET	ETH	ğŸ‡ªğŸ‡¹	U+1F1EA U+1F1F9
-71	Falkland Islands	FK	FLK	ğŸ‡«ğŸ‡°	U+1F1EB U+1F1F0
-72	Faroe Islands	FO	FRO	ğŸ‡«ğŸ‡´	U+1F1EB U+1F1F4
-73	Fiji Islands	FJ	FJI	ğŸ‡«ğŸ‡¯	U+1F1EB U+1F1EF
-74	Finland	FI	FIN	ğŸ‡«ğŸ‡®	U+1F1EB U+1F1EE
-75	France	FR	FRA	ğŸ‡«ğŸ‡·	U+1F1EB U+1F1F7
-76	French Guiana	GF	GUF	ğŸ‡¬ğŸ‡«	U+1F1EC U+1F1EB
-77	French Polynesia	PF	PYF	ğŸ‡µğŸ‡«	U+1F1F5 U+1F1EB
-78	French Southern Territories	TF	ATF	ğŸ‡¹ğŸ‡«	U+1F1F9 U+1F1EB
-79	Gabon	GA	GAB	ğŸ‡¬ğŸ‡¦	U+1F1EC U+1F1E6
-80	Gambia The	GM	GMB	ğŸ‡¬ğŸ‡²	U+1F1EC U+1F1F2
-81	Georgia	GE	GEO	ğŸ‡¬ğŸ‡ª	U+1F1EC U+1F1EA
-82	Germany	DE	DEU	ğŸ‡©ğŸ‡ª	U+1F1E9 U+1F1EA
-83	Ghana	GH	GHA	ğŸ‡¬ğŸ‡­	U+1F1EC U+1F1ED
-84	Gibraltar	GI	GIB	ğŸ‡¬ğŸ‡®	U+1F1EC U+1F1EE
-85	Greece	GR	GRC	ğŸ‡¬ğŸ‡·	U+1F1EC U+1F1F7
-86	Greenland	GL	GRL	ğŸ‡¬ğŸ‡±	U+1F1EC U+1F1F1
-87	Grenada	GD	GRD	ğŸ‡¬ğŸ‡©	U+1F1EC U+1F1E9
-88	Guadeloupe	GP	GLP	ğŸ‡¬ğŸ‡µ	U+1F1EC U+1F1F5
-89	Guam	GU	GUM	ğŸ‡¬ğŸ‡º	U+1F1EC U+1F1FA
-90	Guatemala	GT	GTM	ğŸ‡¬ğŸ‡¹	U+1F1EC U+1F1F9
-91	Guernsey and Alderney	GG	GGY	ğŸ‡¬ğŸ‡¬	U+1F1EC U+1F1EC
-92	Guinea	GN	GIN	ğŸ‡¬ğŸ‡³	U+1F1EC U+1F1F3
-93	Guinea-Bissau	GW	GNB	ğŸ‡¬ğŸ‡¼	U+1F1EC U+1F1FC
-94	Guyana	GY	GUY	ğŸ‡¬ğŸ‡¾	U+1F1EC U+1F1FE
-95	Haiti	HT	HTI	ğŸ‡­ğŸ‡¹	U+1F1ED U+1F1F9
-96	Heard Island and McDonald Islands	HM	HMD	ğŸ‡­ğŸ‡²	U+1F1ED U+1F1F2
-97	Honduras	HN	HND	ğŸ‡­ğŸ‡³	U+1F1ED U+1F1F3
-98	Hong Kong S.A.R.	HK	HKG	ğŸ‡­ğŸ‡°	U+1F1ED U+1F1F0
-99	Hungary	HU	HUN	ğŸ‡­ğŸ‡º	U+1F1ED U+1F1FA
-100	Iceland	IS	ISL	ğŸ‡®ğŸ‡¸	U+1F1EE U+1F1F8
-101	India	IN	IND	ğŸ‡®ğŸ‡³	U+1F1EE U+1F1F3
-102	Indonesia	ID	IDN	ğŸ‡®ğŸ‡©	U+1F1EE U+1F1E9
-103	Iran	IR	IRN	ğŸ‡®ğŸ‡·	U+1F1EE U+1F1F7
-104	Iraq	IQ	IRQ	ğŸ‡®ğŸ‡¶	U+1F1EE U+1F1F6
-105	Ireland	IE	IRL	ğŸ‡®ğŸ‡ª	U+1F1EE U+1F1EA
-106	Israel	IL	ISR	ğŸ‡®ğŸ‡±	U+1F1EE U+1F1F1
-107	Italy	IT	ITA	ğŸ‡®ğŸ‡¹	U+1F1EE U+1F1F9
-108	Jamaica	JM	JAM	ğŸ‡¯ğŸ‡²	U+1F1EF U+1F1F2
-109	Japan	JP	JPN	ğŸ‡¯ğŸ‡µ	U+1F1EF U+1F1F5
-110	Jersey	JE	JEY	ğŸ‡¯ğŸ‡ª	U+1F1EF U+1F1EA
-111	Jordan	JO	JOR	ğŸ‡¯ğŸ‡´	U+1F1EF U+1F1F4
-112	Kazakhstan	KZ	KAZ	ğŸ‡°ğŸ‡¿	U+1F1F0 U+1F1FF
-113	Kenya	KE	KEN	ğŸ‡°ğŸ‡ª	U+1F1F0 U+1F1EA
-114	Kiribati	KI	KIR	ğŸ‡°ğŸ‡®	U+1F1F0 U+1F1EE
-115	Korea North	KP	PRK	ğŸ‡°ğŸ‡µ	U+1F1F0 U+1F1F5
-116	Korea South	KR	KOR	ğŸ‡°ğŸ‡·	U+1F1F0 U+1F1F7
-248	Kosovo	XK	XKX	ğŸ‡½ğŸ‡°	U+1F1FD U+1F1F0
-117	Kuwait	KW	KWT	ğŸ‡°ğŸ‡¼	U+1F1F0 U+1F1FC
-118	Kyrgyzstan	KG	KGZ	ğŸ‡°ğŸ‡¬	U+1F1F0 U+1F1EC
-119	Laos	LA	LAO	ğŸ‡±ğŸ‡¦	U+1F1F1 U+1F1E6
-120	Latvia	LV	LVA	ğŸ‡±ğŸ‡»	U+1F1F1 U+1F1FB
-121	Lebanon	LB	LBN	ğŸ‡±ğŸ‡§	U+1F1F1 U+1F1E7
-122	Lesotho	LS	LSO	ğŸ‡±ğŸ‡¸	U+1F1F1 U+1F1F8
-123	Liberia	LR	LBR	ğŸ‡±ğŸ‡·	U+1F1F1 U+1F1F7
-124	Libya	LY	LBY	ğŸ‡±ğŸ‡¾	U+1F1F1 U+1F1FE
-125	Liechtenstein	LI	LIE	ğŸ‡±ğŸ‡®	U+1F1F1 U+1F1EE
-126	Lithuania	LT	LTU	ğŸ‡±ğŸ‡¹	U+1F1F1 U+1F1F9
-127	Luxembourg	LU	LUX	ğŸ‡±ğŸ‡º	U+1F1F1 U+1F1FA
-128	Macau S.A.R.	MO	MAC	ğŸ‡²ğŸ‡´	U+1F1F2 U+1F1F4
-129	Macedonia	MK	MKD	ğŸ‡²ğŸ‡°	U+1F1F2 U+1F1F0
-130	Madagascar	MG	MDG	ğŸ‡²ğŸ‡¬	U+1F1F2 U+1F1EC
-131	Malawi	MW	MWI	ğŸ‡²ğŸ‡¼	U+1F1F2 U+1F1FC
-132	Malaysia	MY	MYS	ğŸ‡²ğŸ‡¾	U+1F1F2 U+1F1FE
-133	Maldives	MV	MDV	ğŸ‡²ğŸ‡»	U+1F1F2 U+1F1FB
-134	Mali	ML	MLI	ğŸ‡²ğŸ‡±	U+1F1F2 U+1F1F1
-135	Malta	MT	MLT	ğŸ‡²ğŸ‡¹	U+1F1F2 U+1F1F9
-136	Man (Isle of)	IM	IMN	ğŸ‡®ğŸ‡²	U+1F1EE U+1F1F2
-137	Marshall Islands	MH	MHL	ğŸ‡²ğŸ‡­	U+1F1F2 U+1F1ED
-138	Martinique	MQ	MTQ	ğŸ‡²ğŸ‡¶	U+1F1F2 U+1F1F6
-139	Mauritania	MR	MRT	ğŸ‡²ğŸ‡·	U+1F1F2 U+1F1F7
-140	Mauritius	MU	MUS	ğŸ‡²ğŸ‡º	U+1F1F2 U+1F1FA
-141	Mayotte	YT	MYT	ğŸ‡¾ğŸ‡¹	U+1F1FE U+1F1F9
-142	Mexico	MX	MEX	ğŸ‡²ğŸ‡½	U+1F1F2 U+1F1FD
-143	Micronesia	FM	FSM	ğŸ‡«ğŸ‡²	U+1F1EB U+1F1F2
-144	Moldova	MD	MDA	ğŸ‡²ğŸ‡©	U+1F1F2 U+1F1E9
-145	Monaco	MC	MCO	ğŸ‡²ğŸ‡¨	U+1F1F2 U+1F1E8
-146	Mongolia	MN	MNG	ğŸ‡²ğŸ‡³	U+1F1F2 U+1F1F3
-147	Montenegro	ME	MNE	ğŸ‡²ğŸ‡ª	U+1F1F2 U+1F1EA
-148	Montserrat	MS	MSR	ğŸ‡²ğŸ‡¸	U+1F1F2 U+1F1F8
-149	Morocco	MA	MAR	ğŸ‡²ğŸ‡¦	U+1F1F2 U+1F1E6
-150	Mozambique	MZ	MOZ	ğŸ‡²ğŸ‡¿	U+1F1F2 U+1F1FF
-151	Myanmar	MM	MMR	ğŸ‡²ğŸ‡²	U+1F1F2 U+1F1F2
-152	Namibia	NA	NAM	ğŸ‡³ğŸ‡¦	U+1F1F3 U+1F1E6
-153	Nauru	NR	NRU	ğŸ‡³ğŸ‡·	U+1F1F3 U+1F1F7
-154	Nepal	NP	NPL	ğŸ‡³ğŸ‡µ	U+1F1F3 U+1F1F5
-156	Netherlands The	NL	NLD	ğŸ‡³ğŸ‡±	U+1F1F3 U+1F1F1
-157	New Caledonia	NC	NCL	ğŸ‡³ğŸ‡¨	U+1F1F3 U+1F1E8
-158	New Zealand	NZ	NZL	ğŸ‡³ğŸ‡¿	U+1F1F3 U+1F1FF
-159	Nicaragua	NI	NIC	ğŸ‡³ğŸ‡®	U+1F1F3 U+1F1EE
-160	Niger	NE	NER	ğŸ‡³ğŸ‡ª	U+1F1F3 U+1F1EA
-161	Nigeria	NG	NGA	ğŸ‡³ğŸ‡¬	U+1F1F3 U+1F1EC
-162	Niue	NU	NIU	ğŸ‡³ğŸ‡º	U+1F1F3 U+1F1FA
-163	Norfolk Island	NF	NFK	ğŸ‡³ğŸ‡«	U+1F1F3 U+1F1EB
-164	Northern Mariana Islands	MP	MNP	ğŸ‡²ğŸ‡µ	U+1F1F2 U+1F1F5
-165	Norway	NO	NOR	ğŸ‡³ğŸ‡´	U+1F1F3 U+1F1F4
-166	Oman	OM	OMN	ğŸ‡´ğŸ‡²	U+1F1F4 U+1F1F2
-167	Pakistan	PK	PAK	ğŸ‡µğŸ‡°	U+1F1F5 U+1F1F0
-168	Palau	PW	PLW	ğŸ‡µğŸ‡¼	U+1F1F5 U+1F1FC
-169	Palestinian Territory Occupied	PS	PSE	ğŸ‡µğŸ‡¸	U+1F1F5 U+1F1F8
-170	Panama	PA	PAN	ğŸ‡µğŸ‡¦	U+1F1F5 U+1F1E6
-171	Papua new Guinea	PG	PNG	ğŸ‡µğŸ‡¬	U+1F1F5 U+1F1EC
-172	Paraguay	PY	PRY	ğŸ‡µğŸ‡¾	U+1F1F5 U+1F1FE
-173	Peru	PE	PER	ğŸ‡µğŸ‡ª	U+1F1F5 U+1F1EA
-174	Philippines	PH	PHL	ğŸ‡µğŸ‡­	U+1F1F5 U+1F1ED
-175	Pitcairn Island	PN	PCN	ğŸ‡µğŸ‡³	U+1F1F5 U+1F1F3
-176	Poland	PL	POL	ğŸ‡µğŸ‡±	U+1F1F5 U+1F1F1
-177	Portugal	PT	PRT	ğŸ‡µğŸ‡¹	U+1F1F5 U+1F1F9
-178	Puerto Rico	PR	PRI	ğŸ‡µğŸ‡·	U+1F1F5 U+1F1F7
-179	Qatar	QA	QAT	ğŸ‡¶ğŸ‡¦	U+1F1F6 U+1F1E6
-180	Reunion	RE	REU	ğŸ‡·ğŸ‡ª	U+1F1F7 U+1F1EA
-181	Romania	RO	ROU	ğŸ‡·ğŸ‡´	U+1F1F7 U+1F1F4
-182	Russia	RU	RUS	ğŸ‡·ğŸ‡º	U+1F1F7 U+1F1FA
-183	Rwanda	RW	RWA	ğŸ‡·ğŸ‡¼	U+1F1F7 U+1F1FC
-184	Saint Helena	SH	SHN	ğŸ‡¸ğŸ‡­	U+1F1F8 U+1F1ED
-185	Saint Kitts And Nevis	KN	KNA	ğŸ‡°ğŸ‡³	U+1F1F0 U+1F1F3
-186	Saint Lucia	LC	LCA	ğŸ‡±ğŸ‡¨	U+1F1F1 U+1F1E8
-187	Saint Pierre and Miquelon	PM	SPM	ğŸ‡µğŸ‡²	U+1F1F5 U+1F1F2
-188	Saint Vincent And The Grenadines	VC	VCT	ğŸ‡»ğŸ‡¨	U+1F1FB U+1F1E8
-189	Saint-Barthelemy	BL	BLM	ğŸ‡§ğŸ‡±	U+1F1E7 U+1F1F1
-190	Saint-Martin (French part)	MF	MAF	ğŸ‡²ğŸ‡«	U+1F1F2 U+1F1EB
-191	Samoa	WS	WSM	ğŸ‡¼ğŸ‡¸	U+1F1FC U+1F1F8
-192	San Marino	SM	SMR	ğŸ‡¸ğŸ‡²	U+1F1F8 U+1F1F2
-193	Sao Tome and Principe	ST	STP	ğŸ‡¸ğŸ‡¹	U+1F1F8 U+1F1F9
-194	Saudi Arabia	SA	SAU	ğŸ‡¸ğŸ‡¦	U+1F1F8 U+1F1E6
-195	Senegal	SN	SEN	ğŸ‡¸ğŸ‡³	U+1F1F8 U+1F1F3
-196	Serbia	RS	SRB	ğŸ‡·ğŸ‡¸	U+1F1F7 U+1F1F8
-197	Seychelles	SC	SYC	ğŸ‡¸ğŸ‡¨	U+1F1F8 U+1F1E8
-198	Sierra Leone	SL	SLE	ğŸ‡¸ğŸ‡±	U+1F1F8 U+1F1F1
-199	Singapore	SG	SGP	ğŸ‡¸ğŸ‡¬	U+1F1F8 U+1F1EC
-250	Sint Maarten (Dutch part)	SX	SXM	ğŸ‡¸ğŸ‡½	U+1F1F8 U+1F1FD
-200	Slovakia	SK	SVK	ğŸ‡¸ğŸ‡°	U+1F1F8 U+1F1F0
-201	Slovenia	SI	SVN	ğŸ‡¸ğŸ‡®	U+1F1F8 U+1F1EE
-202	Solomon Islands	SB	SLB	ğŸ‡¸ğŸ‡§	U+1F1F8 U+1F1E7
-203	Somalia	SO	SOM	ğŸ‡¸ğŸ‡´	U+1F1F8 U+1F1F4
-204	South Africa	ZA	ZAF	ğŸ‡¿ğŸ‡¦	U+1F1FF U+1F1E6
-205	South Georgia	GS	SGS	ğŸ‡¬ğŸ‡¸	U+1F1EC U+1F1F8
-206	South Sudan	SS	SSD	ğŸ‡¸ğŸ‡¸	U+1F1F8 U+1F1F8
-207	Spain	ES	ESP	ğŸ‡ªğŸ‡¸	U+1F1EA U+1F1F8
-208	Sri Lanka	LK	LKA	ğŸ‡±ğŸ‡°	U+1F1F1 U+1F1F0
-209	Sudan	SD	SDN	ğŸ‡¸ğŸ‡©	U+1F1F8 U+1F1E9
-210	Suriname	SR	SUR	ğŸ‡¸ğŸ‡·	U+1F1F8 U+1F1F7
-211	Svalbard And Jan Mayen Islands	SJ	SJM	ğŸ‡¸ğŸ‡¯	U+1F1F8 U+1F1EF
-212	Swaziland	SZ	SWZ	ğŸ‡¸ğŸ‡¿	U+1F1F8 U+1F1FF
-213	Sweden	SE	SWE	ğŸ‡¸ğŸ‡ª	U+1F1F8 U+1F1EA
-214	Switzerland	CH	CHE	ğŸ‡¨ğŸ‡­	U+1F1E8 U+1F1ED
-215	Syria	SY	SYR	ğŸ‡¸ğŸ‡¾	U+1F1F8 U+1F1FE
-216	Taiwan	TW	TWN	ğŸ‡¹ğŸ‡¼	U+1F1F9 U+1F1FC
-217	Tajikistan	TJ	TJK	ğŸ‡¹ğŸ‡¯	U+1F1F9 U+1F1EF
-218	Tanzania	TZ	TZA	ğŸ‡¹ğŸ‡¿	U+1F1F9 U+1F1FF
-219	Thailand	TH	THA	ğŸ‡¹ğŸ‡­	U+1F1F9 U+1F1ED
-220	Togo	TG	TGO	ğŸ‡¹ğŸ‡¬	U+1F1F9 U+1F1EC
-221	Tokelau	TK	TKL	ğŸ‡¹ğŸ‡°	U+1F1F9 U+1F1F0
-222	Tonga	TO	TON	ğŸ‡¹ğŸ‡´	U+1F1F9 U+1F1F4
-223	Trinidad And Tobago	TT	TTO	ğŸ‡¹ğŸ‡¹	U+1F1F9 U+1F1F9
-224	Tunisia	TN	TUN	ğŸ‡¹ğŸ‡³	U+1F1F9 U+1F1F3
-225	Turkey	TR	TUR	ğŸ‡¹ğŸ‡·	U+1F1F9 U+1F1F7
-226	Turkmenistan	TM	TKM	ğŸ‡¹ğŸ‡²	U+1F1F9 U+1F1F2
-227	Turks And Caicos Islands	TC	TCA	ğŸ‡¹ğŸ‡¨	U+1F1F9 U+1F1E8
-228	Tuvalu	TV	TUV	ğŸ‡¹ğŸ‡»	U+1F1F9 U+1F1FB
-229	Uganda	UG	UGA	ğŸ‡ºğŸ‡¬	U+1F1FA U+1F1EC
-230	Ukraine	UA	UKR	ğŸ‡ºğŸ‡¦	U+1F1FA U+1F1E6
-231	United Arab Emirates	AE	ARE	ğŸ‡¦ğŸ‡ª	U+1F1E6 U+1F1EA
-232	United Kingdom	GB	GBR	ğŸ‡¬ğŸ‡§	U+1F1EC U+1F1E7
-233	United States	US	USA	ğŸ‡ºğŸ‡¸	U+1F1FA U+1F1F8
-234	United States Minor Outlying Islands	UM	UMI	ğŸ‡ºğŸ‡²	U+1F1FA U+1F1F2
-235	Uruguay	UY	URY	ğŸ‡ºğŸ‡¾	U+1F1FA U+1F1FE
-236	Uzbekistan	UZ	UZB	ğŸ‡ºğŸ‡¿	U+1F1FA U+1F1FF
-237	Vanuatu	VU	VUT	ğŸ‡»ğŸ‡º	U+1F1FB U+1F1FA
-238	Vatican City State (Holy See)	VA	VAT	ğŸ‡»ğŸ‡¦	U+1F1FB U+1F1E6
-239	Venezuela	VE	VEN	ğŸ‡»ğŸ‡ª	U+1F1FB U+1F1EA
-240	Vietnam	VN	VNM	ğŸ‡»ğŸ‡³	U+1F1FB U+1F1F3
-241	Virgin Islands (British)	VG	VGB	ğŸ‡»ğŸ‡¬	U+1F1FB U+1F1EC
-242	Virgin Islands (US)	VI	VIR	ğŸ‡»ğŸ‡®	U+1F1FB U+1F1EE
-243	Wallis And Futuna Islands	WF	WLF	ğŸ‡¼ğŸ‡«	U+1F1FC U+1F1EB
-244	Western Sahara	EH	ESH	ğŸ‡ªğŸ‡­	U+1F1EA U+1F1ED
-245	Yemen	YE	YEM	ğŸ‡¾ğŸ‡ª	U+1F1FE U+1F1EA
-246	Zambia	ZM	ZMB	ğŸ‡¿ğŸ‡²	U+1F1FF U+1F1F2
-247	Zimbabwe	ZW	ZWE	ğŸ‡¿ğŸ‡¼	U+1F1FF U+1F1FC
