id	name	iso2	iso3	phone_code	emoji
4277831	Afghanistan	AF	AFG	93	ğŸ‡¦ğŸ‡«
4279361	Aland Islands	AX	ALA	35818	ğŸ‡¦ğŸ‡½
4279362	Albania	AL	ALB	355	ğŸ‡¦ğŸ‡±
4479553	Algeria	DZ	DZA	213	ğŸ‡©ğŸ‡¿
4281165	American Samoa	AS	ASM	1684	ğŸ‡¦ğŸ‡¸
4279876	Andorra	AD	AND	376	ğŸ‡¦ğŸ‡©
4278095	Angola	AO	AGO	244	ğŸ‡¦ğŸ‡´
4278593	Anguilla	AI	AIA	1264	ğŸ‡¦ğŸ‡®
4281409	Antarctica	AQ	ATA	ğŸ‡¦ğŸ‡¶	
4281415	Antigua And Barbuda	AG	ATG	1268	ğŸ‡¦ğŸ‡¬
4280903	Argentina	AR	ARG	54	ğŸ‡¦ğŸ‡·
4280909	Armenia	AM	ARM	374	ğŸ‡¦ğŸ‡²
4276823	Aruba	AW	ABW	297	ğŸ‡¦ğŸ‡¼
4281683	Australia	AU	AUS	61	ğŸ‡¦ğŸ‡º
4281684	Austria	AT	AUT	43	ğŸ‡¦ğŸ‡¹
4282949	Azerbaijan	AZ	AZE	994	ğŸ‡¦ğŸ‡¿
4343891	Bahamas The	BS	BHS	1242	ğŸ‡§ğŸ‡¸
4343890	Bahrain	BH	BHR	973	ğŸ‡§ğŸ‡­
4343620	Bangladesh	BD	BGD	880	ğŸ‡§ğŸ‡©
4346434	Barbados	BB	BRB	1246	ğŸ‡§ğŸ‡§
4344914	Belarus	BY	BLR	375	ğŸ‡§ğŸ‡¾
4343116	Belgium	BE	BEL	32	ğŸ‡§ğŸ‡ª
4344922	Belize	BZ	BLZ	501	ğŸ‡§ğŸ‡¿
4343118	Benin	BJ	BEN	229	ğŸ‡§ğŸ‡¯
4345173	Bermuda	BM	BMU	1441	ğŸ‡§ğŸ‡²
4346958	Bhutan	BT	BTN	975	ğŸ‡§ğŸ‡¹
4345676	Bolivia	BO	BOL	591	ğŸ‡§ğŸ‡´
4343123	Bonaire, Sint Eustatius and Saba	BQ	BES	599	ğŸ‡§ğŸ‡¶
4344136	Bosnia and Herzegovina	BA	BIH	387	ğŸ‡§ğŸ‡¦
4347713	Botswana	BW	BWA	267	ğŸ‡§ğŸ‡¼
4347476	Bouvet Island	BV	BVT	55	ğŸ‡§ğŸ‡»
4346433	Brazil	BR	BRA	55	ğŸ‡§ğŸ‡·
4804436	British Indian Ocean Territory	IO	IOT	246	ğŸ‡®ğŸ‡´
4346446	Brunei	BN	BRN	673	ğŸ‡§ğŸ‡³
4343634	Bulgaria	BG	BGR	359	ğŸ‡§ğŸ‡¬
4343361	Burkina Faso	BF	BFA	226	ğŸ‡§ğŸ‡«
4342857	Burundi	BI	BDI	257	ğŸ‡§ğŸ‡®
4933709	Cambodia	KH	KHM	855	ğŸ‡°ğŸ‡­
4410706	Cameroon	CM	CMR	237	ğŸ‡¨ğŸ‡²
4407630	Canada	CA	CAN	1	ğŸ‡¨ğŸ‡¦
4411478	Cape Verde	CV	CPV	238	ğŸ‡¨ğŸ‡»
4413773	Cayman Islands	KY	CYM	1345	ğŸ‡°ğŸ‡¾
4407622	Central African Republic	CF	CAF	236	ğŸ‡¨ğŸ‡«
5522244	Chad	TD	TCD	235	ğŸ‡¹ğŸ‡©
4409420	Chile	CL	CHL	56	ğŸ‡¨ğŸ‡±
4409422	China	CN	CHN	86	ğŸ‡¨ğŸ‡³
4413522	Christmas Island	CX	CXR	61	ğŸ‡¨ğŸ‡½
4408139	Cocos (Keeling) Islands	CC	CCK	61	ğŸ‡¨ğŸ‡¨
4411212	Colombia	CO	COL	57	ğŸ‡¨ğŸ‡´
4411213	Comoros	KM	COM	269	ğŸ‡°ğŸ‡²
4411207	Congo	CG	COG	242	ğŸ‡¨ğŸ‡¬
4411204	Congo The Democratic Republic Of The	CD	COD	243	ğŸ‡¨ğŸ‡©
4411211	Cook Islands	CK	COK	682	ğŸ‡¨ğŸ‡°
4411977	Costa Rica	CR	CRI	506	ğŸ‡¨ğŸ‡·
4409686	Cote D'Ivoire (Ivory Coast)	CI	CIV	225	ğŸ‡¨ğŸ‡®
4739670	Croatia (Hrvatska)	HR	HRV	385	ğŸ‡­ğŸ‡·
4412738	Cuba	CU	CUB	53	ğŸ‡¨ğŸ‡º
4412759	CuraÃ§ao	CW	CUW	599	ğŸ‡¨ğŸ‡¼
4413776	Cyprus	CY	CYP	357	ğŸ‡¨ğŸ‡¾
4414021	Czech Republic	CZ	CZE	420	ğŸ‡¨ğŸ‡¿
4476491	Denmark	DK	DNK	45	ğŸ‡©ğŸ‡°
4475465	Djibouti	DJ	DJI	253	ğŸ‡©ğŸ‡¯
4476225	Dominica	DM	DMA	1767	ğŸ‡©ğŸ‡²
4476749	Dominican Republic	DO	DOM	1809 and 1829	ğŸ‡©ğŸ‡´
5524563	East Timor	TL	TLS	670	ğŸ‡¹ğŸ‡±
4539221	Ecuador	EC	ECU	593	ğŸ‡ªğŸ‡¨
4540249	Egypt	EG	EGY	20	ğŸ‡ªğŸ‡¬
5459030	El Salvador	SV	SLV	503	ğŸ‡¸ğŸ‡»
4673105	Equatorial Guinea	GQ	GNQ	240	ğŸ‡¬ğŸ‡¶
4543049	Eritrea	ER	ERI	291	ğŸ‡ªğŸ‡·
4543316	Estonia	EE	EST	372	ğŸ‡ªğŸ‡ª
4543560	Ethiopia	ET	ETH	251	ğŸ‡ªğŸ‡¹
4607051	Falkland Islands	FK	FLK	500	ğŸ‡«ğŸ‡°
4608591	Faroe Islands	FO	FRO	298	ğŸ‡«ğŸ‡´
4606537	Fiji Islands	FJ	FJI	679	ğŸ‡«ğŸ‡¯
4606286	Finland	FI	FIN	358	ğŸ‡«ğŸ‡®
4608577	France	FR	FRA	33	ğŸ‡«ğŸ‡·
4674886	French Guiana	GF	GUF	594	ğŸ‡¬ğŸ‡«
5265734	French Polynesia	PF	PYF	689	ğŸ‡µğŸ‡«
4281414	French Southern Territories	TF	ATF	ğŸ‡¹ğŸ‡«	
4669762	Gabon	GA	GAB	241	ğŸ‡¬ğŸ‡¦
4672834	Gambia The	GM	GMB	220	ğŸ‡¬ğŸ‡²
4670799	Georgia	GE	GEO	995	ğŸ‡¬ğŸ‡ª
4474197	Germany	DE	DEU	49	ğŸ‡©ğŸ‡ª
4671553	Ghana	GH	GHA	233	ğŸ‡¬ğŸ‡­
4671810	Gibraltar	GI	GIB	350	ğŸ‡¬ğŸ‡®
4674115	Greece	GR	GRC	30	ğŸ‡¬ğŸ‡·
4674124	Greenland	GL	GRL	299	ğŸ‡¬ğŸ‡±
4674116	Grenada	GD	GRD	1473	ğŸ‡¬ğŸ‡©
4672592	Guadeloupe	GP	GLP	590	ğŸ‡¬ğŸ‡µ
4674893	Guam	GU	GUM	1671	ğŸ‡¬ğŸ‡º
4674637	Guatemala	GT	GTM	502	ğŸ‡¬ğŸ‡¹
4671321	Guernsey and Alderney	GG	GGY	441481	ğŸ‡¬ğŸ‡¬
4671822	Guinea	GN	GIN	224	ğŸ‡¬ğŸ‡³
4673090	Guinea-Bissau	GW	GNB	245	ğŸ‡¬ğŸ‡¼
4674905	Guyana	GY	GUY	592	ğŸ‡¬ğŸ‡¾
4740169	Haiti	HT	HTI	509	ğŸ‡­ğŸ‡¹
4738372	Heard Island and McDonald Islands	HM	HMD	ğŸ‡­ğŸ‡²	
4738628	Honduras	HN	HND	504	ğŸ‡­ğŸ‡³
4737863	Hong Kong S.A.R.	HK	HKG	852	ğŸ‡­ğŸ‡°
4740430	Hungary	HU	HUN	36	ğŸ‡­ğŸ‡º
4805452	Iceland	IS	ISL	354	ğŸ‡®ğŸ‡¸
4804164	India	IN	IND	91	ğŸ‡®ğŸ‡³
4801614	Indonesia	ID	IDN	62	ğŸ‡®ğŸ‡©
4805198	Iran	IR	IRN	98	ğŸ‡®ğŸ‡·
4805201	Iraq	IQ	IRQ	964	ğŸ‡®ğŸ‡¶
4805196	Ireland	IE	IRL	353	ğŸ‡®ğŸ‡ª
4805458	Israel	IL	ISR	972	ğŸ‡®ğŸ‡±
4805697	Italy	IT	ITA	39	ğŸ‡®ğŸ‡¹
4866381	Jamaica	JM	JAM	1876	ğŸ‡¯ğŸ‡²
4870222	Japan	JP	JPN	81	ğŸ‡¯ğŸ‡µ
4867417	Jersey	JE	JEY	441534	ğŸ‡¯ğŸ‡ª
4869970	Jordan	JO	JOR	962	ğŸ‡¯ğŸ‡´
4931930	Kazakhstan	KZ	KAZ	7	ğŸ‡°ğŸ‡¿
4932942	Kenya	KE	KEN	254	ğŸ‡°ğŸ‡ª
4933970	Kiribati	KI	KIR	686	ğŸ‡°ğŸ‡®
5263947	Korea North	KP	PRK	850	ğŸ‡°ğŸ‡µ
4935506	Korea South	KR	KOR	82	ğŸ‡°ğŸ‡·
5786456	Kosovo	XK	XKX	383	ğŸ‡½ğŸ‡°
4937556	Kuwait	KW	KWT	965	ğŸ‡°ğŸ‡¼
4933466	Kyrgyzstan	KG	KGZ	996	ğŸ‡°ğŸ‡¬
4997455	Laos	LA	LAO	856	ğŸ‡±ğŸ‡¦
5002817	Latvia	LV	LVA	371	ğŸ‡±ğŸ‡»
4997710	Lebanon	LB	LBN	961	ğŸ‡±ğŸ‡§
5002063	Lesotho	LS	LSO	266	ğŸ‡±ğŸ‡¸
4997714	Liberia	LR	LBR	231	ğŸ‡±ğŸ‡·
4997721	Libya	LY	LBY	218	ğŸ‡±ğŸ‡¾
4999493	Liechtenstein	LI	LIE	423	ğŸ‡±ğŸ‡®
5002325	Lithuania	LT	LTU	370	ğŸ‡±ğŸ‡¹
5002584	Luxembourg	LU	LUX	352	ğŸ‡±ğŸ‡º
5062979	Macau S.A.R.	MO	MAC	853	ğŸ‡²ğŸ‡´
5065540	Macedonia	MK	MKD	389	ğŸ‡²ğŸ‡°
5063751	Madagascar	MG	MDG	261	ğŸ‡²ğŸ‡¬
5068617	Malawi	MW	MWI	265	ğŸ‡²ğŸ‡¼
5069139	Malaysia	MY	MYS	60	ğŸ‡²ğŸ‡¾
5063766	Maldives	MV	MDV	960	ğŸ‡²ğŸ‡»
5065801	Mali	ML	MLI	223	ğŸ‡²ğŸ‡±
5065812	Malta	MT	MLT	356	ğŸ‡²ğŸ‡¹
4803918	Man (Isle of)	IM	IMN	441624	ğŸ‡®ğŸ‡²
5064780	Marshall Islands	MH	MHL	692	ğŸ‡²ğŸ‡­
5067857	Martinique	MQ	MTQ	596	ğŸ‡²ğŸ‡¶
5067348	Mauritania	MR	MRT	222	ğŸ‡²ğŸ‡·
5068115	Mauritius	MU	MUS	230	ğŸ‡²ğŸ‡º
5069140	Mayotte	YT	MYT	262	ğŸ‡¾ğŸ‡¹
5064024	Mexico	MX	MEX	52	ğŸ‡²ğŸ‡½
4608845	Micronesia	FM	FSM	691	ğŸ‡«ğŸ‡²
5063745	Moldova	MD	MDA	373	ğŸ‡²ğŸ‡©
5063503	Monaco	MC	MCO	377	ğŸ‡²ğŸ‡¨
5066311	Mongolia	MN	MNG	976	ğŸ‡²ğŸ‡³
5066309	Montenegro	ME	MNE	382	ğŸ‡²ğŸ‡ª
5067602	Montserrat	MS	MSR	1664	ğŸ‡²ğŸ‡¸
5062994	Morocco	MA	MAR	212	ğŸ‡²ğŸ‡¦
5066586	Mozambique	MZ	MOZ	258	ğŸ‡²ğŸ‡¿
5066066	Myanmar	MM	MMR	95	ğŸ‡²ğŸ‡²
5128525	Namibia	NA	NAM	264	ğŸ‡³ğŸ‡¦
5132885	Nauru	NR	NRU	674	ğŸ‡³ğŸ‡·
5132364	Nepal	NP	NPL	977	ğŸ‡³ğŸ‡µ
5131332	Netherlands The	NL	NLD	31	ğŸ‡³ğŸ‡±
5129036	New Caledonia	NC	NCL	687	ğŸ‡³ğŸ‡¨
5134924	New Zealand	NZ	NZL	64	ğŸ‡³ğŸ‡¿
5130563	Nicaragua	NI	NIC	505	ğŸ‡³ğŸ‡®
5129554	Niger	NE	NER	227	ğŸ‡³ğŸ‡ª
5130049	Nigeria	NG	NGA	234	ğŸ‡³ğŸ‡¬
5130581	Niue	NU	NIU	683	ğŸ‡³ğŸ‡º
5129803	Norfolk Island	NF	NFK	672	ğŸ‡³ğŸ‡«
5066320	Northern Mariana Islands	MP	MNP	1670	ğŸ‡²ğŸ‡µ
5132114	Norway	NO	NOR	47	ğŸ‡³ğŸ‡´
5197134	Oman	OM	OMN	968	ğŸ‡´ğŸ‡²
5259595	Pakistan	PK	PAK	92	ğŸ‡µğŸ‡°
5262423	Palau	PW	PLW	680	ğŸ‡µğŸ‡¼
5264197	Palestinian Territory Occupied	PS	PSE	970	ğŸ‡µğŸ‡¸
5259598	Panama	PA	PAN	507	ğŸ‡µğŸ‡¦
5262919	Papua new Guinea	PG	PNG	675	ğŸ‡µğŸ‡¬
5263961	Paraguay	PY	PRY	595	ğŸ‡µğŸ‡¾
5260626	Peru	PE	PER	51	ğŸ‡µğŸ‡ª
5261388	Philippines	PH	PHL	63	ğŸ‡µğŸ‡­
5260110	Pitcairn Island	PN	PCN	870	ğŸ‡µğŸ‡³
5263180	Poland	PL	POL	48	ğŸ‡µğŸ‡±
5263956	Portugal	PT	PRT	351	ğŸ‡µğŸ‡¹
5263945	Puerto Rico	PR	PRI	1787 and 1939	ğŸ‡µğŸ‡·
5325140	Qatar	QA	QAT	974	ğŸ‡¶ğŸ‡¦
5391701	Reunion	RE	REU	262	ğŸ‡·ğŸ‡ª
5394261	Romania	RO	ROU	40	ğŸ‡·ğŸ‡´
5395795	Russia	RU	RUS	7	ğŸ‡·ğŸ‡º
5396289	Rwanda	RW	RWA	250	ğŸ‡·ğŸ‡¼
5457998	Saint Helena	SH	SHN	290	ğŸ‡¸ğŸ‡­
4935233	Saint Kitts And Nevis	KN	KNA	1869	ğŸ‡°ğŸ‡³
4997953	Saint Lucia	LC	LCA	1758	ğŸ‡±ğŸ‡¨
5460045	Saint Pierre and Miquelon	PM	SPM	508	ğŸ‡µğŸ‡²
5653332	Saint Vincent And The Grenadines	VC	VCT	1784	ğŸ‡»ğŸ‡¨
4344909	Saint-Barthelemy	BL	BLM	590	ğŸ‡§ğŸ‡±
5062982	Saint-Martin (French part)	MF	MAF	590	ğŸ‡²ğŸ‡«
5722957	Samoa	WS	WSM	685	ğŸ‡¼ğŸ‡¸
5459282	San Marino	SM	SMR	378	ğŸ‡¸ğŸ‡²
5461072	Sao Tome and Principe	ST	STP	239	ğŸ‡¸ğŸ‡¹
5456213	Saudi Arabia	SA	SAU	966	ğŸ‡¸ğŸ‡¦
5457230	Senegal	SN	SEN	221	ğŸ‡¸ğŸ‡³
5460546	Serbia	RS	SRB	381	ğŸ‡·ğŸ‡¸
5462339	Seychelles	SC	SYC	248	ğŸ‡¸ğŸ‡¨
5459013	Sierra Leone	SL	SLE	232	ğŸ‡¸ğŸ‡±
5457744	Singapore	SG	SGP	65	ğŸ‡¸ğŸ‡¬
5462093	Sint Maarten (Dutch part)	SX	SXM	1721	ğŸ‡¸ğŸ‡½
5461579	Slovakia	SK	SVK	421	ğŸ‡¸ğŸ‡°
5461582	Slovenia	SI	SVN	386	ğŸ‡¸ğŸ‡®
5459010	Solomon Islands	SB	SLB	677	ğŸ‡¸ğŸ‡§
5459789	Somalia	SO	SOM	252	ğŸ‡¸ğŸ‡´
5914950	South Africa	ZA	ZAF	27	ğŸ‡¿ğŸ‡¦
5457747	South Georgia	GS	SGS	ğŸ‡¬ğŸ‡¸	
5460804	South Sudan	SS	SSD	211	ğŸ‡¸ğŸ‡¸
4543312	Spain	ES	ESP	34	ğŸ‡ªğŸ‡¸
5000001	Sri Lanka	LK	LKA	94	ğŸ‡±ğŸ‡°
5456974	Sudan	SD	SDN	249	ğŸ‡¸ğŸ‡©
5461330	Suriname	SR	SUR	597	ğŸ‡¸ğŸ‡·
5458509	Svalbard And Jan Mayen Islands	SJ	SJM	47	ğŸ‡¸ğŸ‡¯
5461850	Swaziland	SZ	SWZ	268	ğŸ‡¸ğŸ‡¿
5461829	Sweden	SE	SWE	46	ğŸ‡¸ğŸ‡ª
4409413	Switzerland	CH	CHE	41	ğŸ‡¨ğŸ‡­
5462354	Syria	SY	SYR	963	ğŸ‡¸ğŸ‡¾
5527374	Taiwan	TW	TWN	886	ğŸ‡¹ğŸ‡¼
5524043	Tajikistan	TJ	TJK	992	ğŸ‡¹ğŸ‡¯
5528129	Tanzania	TZ	TZA	255	ğŸ‡¹ğŸ‡¿
5523521	Thailand	TH	THA	66	ğŸ‡¹ğŸ‡­
5523279	Togo	TG	TGO	228	ğŸ‡¹ğŸ‡¬
5524300	Tokelau	TK	TKL	690	ğŸ‡¹ğŸ‡°
5525326	Tonga	TO	TON	676	ğŸ‡¹ğŸ‡´
5526607	Trinidad And Tobago	TT	TTO	1868	ğŸ‡¹ğŸ‡¹
5526862	Tunisia	TN	TUN	216	ğŸ‡¹ğŸ‡³
5526866	Turkey	TR	TUR	90	ğŸ‡¹ğŸ‡·
5524301	Turkmenistan	TM	TKM	993	ğŸ‡¹ğŸ‡²
5522241	Turks And Caicos Islands	TC	TCA	1649	ğŸ‡¹ğŸ‡¨
5526870	Tuvalu	TV	TUV	688	ğŸ‡¹ğŸ‡»
5588801	Uganda	UG	UGA	256	ğŸ‡ºğŸ‡¬
5589842	Ukraine	UA	UKR	380	ğŸ‡ºğŸ‡¦
4280901	United Arab Emirates	AE	ARE	971	ğŸ‡¦ğŸ‡ª
4670034	United Kingdom	GB	GBR	44	ğŸ‡¬ğŸ‡§
5591873	United States	US	USA	1	ğŸ‡ºğŸ‡¸
5590345	United States Minor Outlying Islands	UM	UMI	1	ğŸ‡ºğŸ‡²
5591641	Uruguay	UY	URY	598	ğŸ‡ºğŸ‡¾
5593666	Uzbekistan	UZ	UZB	998	ğŸ‡ºğŸ‡¿
5657940	Vanuatu	VU	VUT	678	ğŸ‡»ğŸ‡º
5652820	Vatican City State (Holy See)	VA	VAT	379	ğŸ‡»ğŸ‡¦
5653838	Venezuela	VE	VEN	58	ğŸ‡»ğŸ‡ª
5656141	Vietnam	VN	VNM	84	ğŸ‡»ğŸ‡³
5654338	Virgin Islands (British)	VG	VGB	1284	ğŸ‡»ğŸ‡¬
5654866	Virgin Islands (US)	VI	VIR	1340	ğŸ‡»ğŸ‡®
5721158	Wallis And Futuna Islands	WF	WLF	681	ğŸ‡¼ğŸ‡«
4543304	Western Sahara	EH	ESH	212	ğŸ‡ªğŸ‡­
5850445	Yemen	YE	YEM	967	ğŸ‡¾ğŸ‡ª
5918018	Zambia	ZM	ZMB	260	ğŸ‡¿ğŸ‡²
5920581	Zimbabwe	ZW	ZWE	263	ğŸ‡¿ğŸ‡¼
